province;red;green;blue;x;x
1;42;126;63;bayasavi;x
2;0;78;55;telodha;x
3;126;102;59;kyasemid;x
4;0;108;60;ebafsah;x
5;84;114;61;dagemid;x
6;126;72;54;naguda;x
7;42;96;58;kuda;x
8;168;120;62;dudemid;x
9;84;84;56;wamiek;x
10;168;90;57;tyaseph;x
11;42;114;3;rusdan;x
12;0;42;20;eiciik;x
13;127;63;69;ehjoan;x
14;128;207;19;damefan;x
15;85;111;51;akamurab;x
16;84;153;16;taditsa;x
17;170;192;52;kenabu;x
18;43;3;88;binefan;x
19;170;72;32;ratupta;x
20;127;51;54;qicuq;x
21;2;153;10;qeudouz;x
22;128;111;19;tekanu;x
23;2;156;20;akicauq;x
24;169;90;12;bezataw;x
25;126;129;99;atataw;x
26;44;201;18;walauq;x
27;43;177;88;bicuqa;x
28;0;153;45;kuyaka;x
29;128;141;79;donanu;x
30;86;15;16;nahuiuz;x
31;85;192;71;azmevi;x
32;168;48;92;tezanu;x
33;85;159;1;rogadur;x
34;170;93;87;kekiz;x
35;169;69;57;dani;x
36;128;96;94;logibai;x
37;127;57;84;dakibai;x
38;1;6;95;lujoja;x
39;126;120;4;dakavya;x
40;85;105;21;lasaac;x
41;43;63;43;togavya;x
42;86;174;36;arogaqiq;x
43;169;210;87;waqiq;x
44;1;126;60;tobepa;x
45;127;177;4;alakulgu;x
46;1;45;95;tapulgu;x
47;1;138;75;kisilen;x
48;127;144;34;aharje;x
49;42;45;98;qixa;x
50;44;33;48;dacart;x
51;85;93;61;dosiga;x
52;2;93;0;amahoa;x
53;85;99;91;tatinso;x
54;170;72;77;wadesa;x
55;43;186;28;redana;x
56;1;180;40;egabojan;x
57;169;120;17;ahelojan;x
58;168;93;77;sacard;x
59;86;42;1;wedaway;x
60;85;204;31;emammad;x
61;169;39;52;qagaway;x
62;0;147;15;tagars;x
63;43;39;23;tanagh;x
64;171;96;7;tososye;x
65;85;57;26;ratalso;x
66;127;9;89;satyag;x
67;129;138;14;tahoa;x
68;84;138;36;ryehiga;x
69;42;9;63;racepi;x
70;42;60;23;samera;x
71;42;63;88;anecera;x
72;169;72;22;rosalso;x
73;128;84;79;kerisma;x
74;84;108;31;wedohn;x
75;126;84;69;tomaway;x
76;128;33;19;ryarula;x
77;127;87;89;atiboor;x
78;126;123;174;elovarid;x
79;86;144;31;kakin;x
80;1;12;70;tashe;x
81;85;39;81;nudah;x
82;169;51;12;eqiai;x
83;44;171;58;qatazi;x
84;0;129;70;ranekpa;x
85;85;198;1;qorosi;x
86;42;177;78;seirocia;x
87;44;72;48;lotho;x
88;127;129;9;kucemar;x
89;127;138;4;kabibar;x
90;44;141;53;tecatun;x
91;126;63;164;lerta;x
92;86;159;56;ramelve;x
93;170;75;42;datyap;x
94;169;15;77;risten;x
95;42;147;73;kanord;x
96;2;9;15;asariu;x
97;85;135;26;nirigh;x
98;43;24;43;roreodo;x
99;86;117;91;raracob;x
100;86;129;6;tanunes;x
101;86;3;1;buralib;x
102;84;75;61;ryarand;x
103;2;15;45;ryarikne;x
104;86;96;36;simand;x
105;170;102;82;ruwikne;x
106;3;84;5;disma;x
107;127;69;99;kurardaz;x
108;85;117;36;banatta;x
109;1;105;5;wimaul;x
110;170;69;67;durueri;x
111;0;12;15;reradir;x
112;128;126;99;aradir;x
113;43;180;53;lauratun;x
114;85;189;6;raurush;x
115;42;165;18;balaut;x
116;168;9;92;luhina;x
117;1;165;60;balaj;x
118;127;66;34;kunta;x
119;1;183;5;bideva;x
120;0;195;10;keleva;x
121;126;132;64;tinir;x
122;170;90;22;ralona;x
123;126;93;169;kauraut;x
124;126;87;34;qibaut;x
125;126;69;89;budulia;x
126;0;138;65;ratelen;x
127;2;132;0;rodith;x
128;126;105;79;denata;x
129;128;198;69;daipise;x
130;86;84;21;atomomo;x
131;44;111;3;banecco;x
132;169;18;42;kisona;x
133;84;168;41;rabona;x
134;85;111;6;wanudna;x
135;84;69;31;tedaide;x
136;1;189;90;qauratko;x
137;44;177;43;ruam;x
138;84;183;21;nisolk;x
139;1;60;20;qagolk;x
140;127;189;64;sabirca;x
141;168;81;167;lagona;x
142;168;138;212;ralonse;x
143;43;135;68;weiloan;x
144;126;33;54;wopoan;x
145;126;150;214;tilith;x
146;127;156;49;rinalli;x
147;2;180;50;tapurab;x
148;42;24;88;ticde;x
149;169;57;97;tadaide;x
150;85;72;51;aeefan;x
151;129;75;39;tonka;x
152;43;207;93;wermis;x
153;44;129;93;qikord;x
154;169;207;67;tonuid;x
155;43;93;3;bieruid;x
156;1;111;35;bierdel;x
157;86;39;36;adhuid;x
158;86;99;46;dyeolm;x
159;44;78;33;kanolm;x
160;170;135;52;echicfan;x
161;2;30;70;linabu;x
162;0;165;5;rapotei;x
163;2;117;75;rurasi;x
164;84;189;51;qanein;x
165;126;159;4;dutaina;x
166;169;171;32;nongaga;x
167;44;9;73;boysan;x
168;44;15;58;lura;x
169;84;162;11;souree;x
170;86;192;26;eralib;x
171;169;6;82;tibatan;x
172;84;165;76;qazenr;x
173;44;81;98;raroza;x
174;2;111;90;ezoza;x
175;86;90;51;nisayor;x
176;1;3;75;azuma;x
177;42;174;218;qarenr;x
178;168;84;27;dazindik;x
179;169;150;22;raudila;x
180;87;57;36;lehonso;x
181;127;204;44;epratah;x
182;84;9;21;lemars;x
183;42;186;73;apratigo;x
184;170;159;82;ricida;x
185;42;150;38;koronia;x
186;44;171;13;terodar;x
187;127;81;59;weikada;x
188;169;174;52;raudonso;x
189;128;24;69;qurofia;x
190;44;168;48;sitree;x
191;126;99;94;kawwa;x
192;170;9;2;laudah;x
193;126;9;79;seraar;x
194;44;6;8;nudeeme;x
195;169;141;82;tanalev;x
196;127;117;144;wabdiho;x
197;0;15;80;ragit;x
198;126;27;24;qorutt;x
199;43;198;43;tonutt;x
200;84;81;91;tonalev;x
201;1;9;60;lagijse;x
202;86;153;26;wutt;x
203;44;156;33;nanakan;x
204;128;99;59;rigakub;x
205;44;135;23;arert;x
206;1;6;40;nudofan;x
207;168;45;27;daxina;x
208;2;54;45;serida;x
209;0;120;75;exapa;x
210;0;36;90;tabalia;x
211;85;126;31;nadaye;x
212;127;30;99;adopluk;x
213;85;108;41;neikida;x
214;85;36;16;rocofan;x
215;85;102;56;nocopluk;x
216;128;111;74;lyia;x
217;44;141;8;rocapa;x
218;42;27;158;kocida;x
219;168;24;17;saudosi;x
220;43;87;18;topluk;x
221;2;66;60;achacohn;x
222;45;69;38;ekanakan;x
223;43;51;83;womush;x
224;126;63;59;sodush;x
225;126;36;19;tedijse;x
226;85;132;61;saurudna;x
227;128;84;34;abunolk;x
228;127;24;14;karecco;x
229;85;141;11;emarolk;x
230;126;171;19;wedael;x
231;86;123;21;qunaut;x
232;1;42;75;kedona;x
233;0;81;75;lavofan;x
234;84;51;86;etlacana;x
235;43;210;3;ejosiga;x
236;1;135;10;rosule;x
237;2;123;50;bacera;x
238;86;93;16;recini;x
239;44;42;98;esule;x
240;42;54;93;byehule;x
241;84;204;76;rosiga;x
242;86;108;96;wecatun;x
243;1;57;55;bolyag;x
244;127;69;44;namatun;x
245;127;174;39;repi;x
246;168;135;42;syarila;x
247;85;69;86;toalib;x
248;127;195;49;lyarita;x
249;85;108;86;nenam;x
250;168;15;227;soiya;x
251;1;168;80;rerolke;x
252;45;102;8;daratta;x
253;170;42;27;wariya;x
254;2;33;35;sayun;x
255;43;93;48;bovoor;x
256;86;186;96;amisoor;x
257;42;57;58;dibay;x
258;0;93;35;sakoald;x
259;84;144;66;tang;x
260;43;123;53;ruhashe;x
261;170;183;2;amang;x
262;1;27;50;aidelet;x
263;1;24;85;kamomo;x
264;169;84;82;kamaret;x
265;1;36;45;kelet;x
266;170;45;37;elenith;x
267;126;81;4;epetipe;x
268;169;21;7;seszek;x
269;1;168;25;taduslaw;x
270;43;87;73;edabel;x
271;84;126;76;bicusoy;x
272;128;0;49;atenaye;x
273;170;9;57;netuda;x
274;43;90;83;kerodar;x
275;84;48;21;kaxodar;x
276;43;153;58;tinada;x
277;126;153;74;kinesa;x
278;128;174;94;nelocia;x
279;84;198;46;reiralan;x
280;127;123;79;nonka;x
281;84;102;1;kaballi;x
282;127;147;99;rideva;x
283;84;159;46;rucekpa;x
284;168;39;97;nelojan;x
285;2;186;80;edinett;x
286;171;33;32;rafard;x
287;169;117;52;bouz;x
288;0;63;30;etekataw;x
289;126;117;39;abelouz;x
290;42;144;8;nikuqa;x
291;170;66;47;bith;x
292;45;39;33;qacofan;x
293;169;9;47;dacana;x
294;126;66;24;tatouses;x
295;169;117;7;tafera;x
296;42;69;73;kivoa;x
297;168;15;22;bafatun;x
298;168;75;32;dolatun;x
299;1;186;70;tabiga;x
300;127;78;94;kosibar;x
301;0;30;60;ratini;x
302;1;162;95;leirini;x
303;86;72;61;roisma;x
304;127;183;89;duwina;x
305;169;12;12;surina;x
306;170;24;82;narid;x
307;44;21;88;qorarka;x
308;126;147;44;namideva;x
309;1;75;0;qadelet;x
310;2;63;95;duhard;x
311;84;192;16;rodai;x
312;128;105;89;tadomo;x
313;127;48;89;lorelet;x
314;86;39;91;quigang;x
315;0;99;65;kakudah;x
316;2;147;25;bashe;x
317;42;201;53;lore;x
318;170;12;22;wetath;x
319;0;51;70;toulith;x
320;126;198;59;elenett;x
321;2;174;65;qaxoshua;x
322;127;27;129;deszek;x
323;168;186;57;tida;x
324;168;138;7;tieruda;x
325;86;180;66;wofuda;x
326;43;66;63;taxuslan;x
327;43;174;68;kadada;x
328;168;18;87;epavita;x
329;84;201;11;binanka;x
330;85;78;36;qemocia;x
331;128;9;44;qeiralli;x
332;2;93;45;dadesa;x
333;128;66;89;babanka;x
334;1;189;35;ravoti;x
335;42;210;153;lesa;x
336;168;201;82;agaballi;x
337;128;81;14;reiranka;x
338;170;132;87;asimojan;x
339;44;96;23;binitya;x
340;128;45;79;ladada;x
341;44;24;53;leiresa;x
342;42;183;8;egavalan;x
343;42;144;213;wacazi;x
344;127;99;4;ririgh;x
345;169;138;62;sabord;x
346;42;117;68;kuydel;x
347;0;210;90;enikuid;x
348;129;78;4;adhih;x
349;86;126;86;noniu;x
350;168;78;97;batuid;x
351;2;27;5;dabah;x
352;1;192;55;kuravid;x
353;84;93;6;wyeadir;x
354;86;168;6;tavein;x
355;42;0;13;enavin;x
356;42;204;223;reina;x
357;85;135;81;wuniu;x
358;0;33;25;ekugesse;x
359;86;132;71;tyeavin;x
360;128;69;54;wimavin;x
361;169;114;87;korient;x
362;86;186;51;baydasi;x
363;128;150;19;raramur;x
364;169;96;97;baramur;x
365;127;192;84;bigate;x
366;128;177;59;busahil;x
367;170;15;87;rivamur;x
368;168;147;2;relibel;x
369;44;114;13;wusate;x
370;42;15;93;epavein;x
371;84;192;221;keesse;x
372;170;102;37;suravin;x
373;85;183;76;lugina;x
374;169;126;2;syabein;x
375;2;69;25;taygasi;x
376;169;48;47;binaga;x
377;129;15;29;naririn;x
378;2;90;35;ryijan;x
379;1;147;70;rotare;x
380;170;165;12;koteodo;x
381;2;30;25;tolosi;x
382;1;12;25;botosi;x
383;3;111;45;dataud;x
384;127;18;84;rirord;x
385;1;105;50;libigh;x
386;43;123;8;tigh;x
387;85;63;56;wapofia;x
388;43;9;18;sotofia;x
389;1;165;15;lotoald;x
390;85;210;16;kaneslav;x
391;128;27;89;enoald;x
392;170;165;57;enyah;x
393;85;51;41;wogyah;x
394;128;48;99;lyaracob;x
395;0;6;85;tyareke;x
396;127;90;54;renand;x
397;2;96;10;atibikne;x
398;44;66;18;sanueri;x
399;2;99;30;tadoald;x
400;126;21;94;lameorge;x
401;170;39;7;kamarka;x
402;1;63;85;qarahor;x
403;126;207;54;warirma;x
404;127;0;39;katusoy;x
405;85;186;41;woanara;x
406;1;129;80;demila;x
407;127;123;129;edeslav;x
408;43;54;48;kocofan;x
409;0;60;65;nebada;x
410;126;189;9;wadisey;x
411;43;210;58;locuda;x
412;126;39;84;wocuslan;x
413;127;75;29;tyaa;x
414;42;3;78;ropluk;x
415;0;102;30;ewigisey;x
416;168;72;67;wetupta;x
417;42;87;168;dilvia;x
418;170;141;37;enorada;x
419;128;201;89;bocapa;x
420;0;24;30;sabofia;x
421;168;144;37;diniho;x
422;128;147;9;sosutt;x
423;0;69;165;siglas;x
424;1;39;65;nukeeme;x
425;0;183;50;kalalev;x
426;127;42;59;tudilja;x
427;85;168;51;qaxudah;x
428;86;57;81;kurict;x
429;2;210;0;wazigo;x
430;169;3;17;rayars;x
431;3;204;25;dodich;x
432;127;186;99;kugatso;x
433;0;0;55;tanor;x
434;168;21;157;korang;x
435;168;99;7;barashe;x
436;128;144;89;rarekat;x
437;170;48;2;kuyuath;x
438;43;30;28;senohn;x
439;42;33;83;dimaine;x
440;127;189;19;atenenku;x
441;170;27;47;laxeszek;x
442;85;171;61;ticenku;x
443;43;141;98;ninory;x
444;86;33;61;bemari;x
445;127;210;74;qunawar;x
446;0;75;90;econesa;x
447;44;45;8;luedada;x
448;44;102;53;tonda;x
449;170;6;37;raballi;x
450;169;204;2;kavojan;x
451;84;45;161;ryesitya;x
452;170;84;92;donanka;x
453;0;45;85;kavanka;x
454;128;63;24;dinonda;x
455;42;141;43;ruedoti;x
456;84;132;6;qalli;x
457;170;138;72;tabesa;x
458;128;90;9;aprabuid;x
459;85;3;46;rotadir;x
460;1;18;55;radir;x
461;85;18;71;wuid;x
462;128;195;4;lord;x
463;86;36;26;dulatso;x
464;128;114;39;rurach;x
465;0;168;70;lyeise;x
466;168;102;72;qimatso;x
467;84;195;81;ravolm;x
468;85;156;36;doriu;x
469;44;45;63;dyeadir;x
470;1;15;35;ravient;x
471;0;198;75;ebise;x
472;126;144;79;turiu;x
473;86;159;11;loravid;x
474;126;75;74;tyeatso;x
475;86;210;71;aturient;x
476;42;27;53;telahil;x
477;85;96;26;neein;x
478;84;66;66;labina;x
479;0;87;5;torein;x
480;1;9;5;qaydor;x
481;127;105;34;laninnas;x
482;43;192;13;akaydan;x
483;1;159;30;rinaina;x
484;2;120;40;tanahil;x
485;42;30;18;ejelirin;x
486;86;63;11;arusan;x
487;43;63;98;kofia;x
488;169;60;62;deslav;x
489;44;39;78;kanicius;x
490;128;201;34;kanofia;x
491;85;24;56;totosi;x
492;128;3;14;norosi;x
493;44;93;58;barirma;x
494;0;186;15;loand;x
495;126;6;14;kanand;x
496;170;174;7;banirma;x
497;85;15;61;banunes;x
498;2;60;30;damemma;x
499;86;156;46;akalard;x
500;128;87;44;tutuma;x
501;43;15;48;tarayor;x
502;127;99;49;ninirma;x
503;128;171;84;tarutan;x
504;170;15;32;sadila;x
505;85;105;76;atars;x
506;126;141;14;bavazan;x
507;169;51;67;socilvia;x
508;43;177;33;sebeszek;x
509;2;87;15;ticida;x
510;86;6;21;qebelen;x
511;44;174;23;sebilvia;x
512;169;45;132;rocada;x
513;169;18;97;tadeszek;x
514;128;57;94;azdofia;x
515;170;195;62;woet;x
516;169;57;42;turosi;x
517;86;0;91;sush;x
518;2;24;95;reeme;x
519;44;57;23;norutt;x
520;169;171;87;tuvven;x
521;169;174;97;qomakan;x
522;168;171;182;abijse;x
523;85;195;91;kabush;x
524;126;180;219;kauragh;x
525;86;93;71;sagaway;x
526;168;189;22;begohn;x
527;84;150;51;ranirve;x
528;170;195;17;tukalev;x
529;44;75;13;tedulia;x
530;169;204;207;ragelen;x
531;169;159;72;qaculia;x
532;127;72;64;tudimia;x
533;126;3;49;kahiga;x
534;87;60;1;wosalso;x
535;168;108;207;wabinso;x
536;86;81;56;rahule;x
537;0;189;80;rerilo;x
538;86;96;81;leaham;x
539;42;120;33;larari;x
540;168;195;52;raipaaq;x
541;128;171;29;ladashe;x
542;43;120;88;ladir;x
543;2;87;70;tomisak;x
544;128;180;24;talart;x
545;170;0;7;rila;x
546;44;147;38;warorad;x
547;127;3;209;bimand;x
548;170;111;32;ajariya;x
549;43;105;63;keram;x
550;42;198;88;eroatta;x
551;170;192;97;nuramnai;x
552;86;75;26;waraul;x
553;85;54;6;syarula;x
554;42;51;28;eroisma;x
555;2;45;50;kyaratta;x
556;170;57;52;ruweva;x
557;85;9;76;barina;x
558;1;195;20;kideva;x
559;42;210;48;todai;x
560;84;21;81;kuigang;x
561;43;156;78;telashe;x
562;126;90;99;kaud;x
563;43;45;53;qinett;x
564;43;33;38;qenedek;x
565;126;177;49;tinohn;x
566;127;3;4;kadaye;x
567;86;18;81;exida;x
568;42;204;18;badenku;x
569;129;198;24;liconia;x
570;43;18;13;docuda;x
571;127;93;19;rebisey;x
572;43;126;73;bicida;x
573;171;126;12;tigida;x
574;2;177;85;nekat;x
575;43;120;43;tiga;x
576;85;12;96;qafule;x
577;169;186;12;wurii;x
578;86;30;96;lodagh;x
579;43;147;83;epierohn;x
580;0;144;50;qigapa;x
581;2;27;60;sadeszek;x
582;169;105;142;tunikne;x
583;1;66;50;ejarorad;x
584;126;162;69;daurirca;x
585;127;6;24;retath;x
586;1;87;60;rauratko;x
587;169;120;72;ajareke;x
588;43;57;13;damengar;x
589;2;177;30;renina;x
590;42;132;48;beyaaq;x
591;126;0;84;terada;x
592;1;93;90;nalei;x
593;2;21;75;rinard;x
594;44;78;78;linga;x
595;44;174;78;wilavka;x
596;2;126;70;walabu;x
597;44;189;3;rarefan;x
598;86;195;46;ridutt;x
599;127;60;49;rinonia;x
600;126;54;64;qari;x
601;45;192;23;emalaide;x
602;168;21;52;tapaaq;x
603;86;48;86;sicabu;x
604;169;165;2;ninga;x
605;0;27;95;rabilo;x
606;168;150;67;babael;x
607;126;183;79;atelomo;x
608;126;18;29;kodina;x
609;128;138;59;karka;x
610;1;69;70;walso;x
611;169;66;92;teironda;x
612;170;96;52;etapuqa;x
613;1;138;20;deliz;x
614;127;57;134;enuyanu;x
615;85;207;51;berarn;x
616;126;192;74;laumohn;x
617;126;30;89;kamore;x
618;170;69;12;ladeszek;x
619;127;150;64;karolke;x
620;43;156;23;rabojan;x
621;86;204;41;nosule;x
622;86;198;11;noleph;x
623;86;162;21;detrus;x
624;44;204;83;deikapa;x
625;44;18;68;qabdalev;x
626;1;78;65;ratepi;x
627;2;207;90;temalan;x
628;86;63;66;komilen;x
629;169;198;72;wanaide;x
630;169;24;72;tukeeme;x
631;2;51;80;akaygolm;x
632;126;174;84;kadaud;x
633;42;180;43;ameronia;x
634;85;48;76;akugach;x
635;3;54;0;rolaud;x
636;85;81;46;qictor;x
637;2;78;20;wyeiu;x
638;42;105;8;suracob;x
639;43;111;143;saygein;x
640;44;48;73;tabalso;x
641;43;114;58;qirve;x
642;42;153;3;notenr;x
643;169;150;77;asakaud;x
644;1;117;65;waconse;x
645;43;117;23;tavalum;x
646;2;171;0;kahuimia;x
647;169;180;27;tarikne;x
648;170;120;27;wararn;x
649;127;162;79;akapulgu;x
650;168;207;12;saryen;x
651;85;51;96;qarawar;x
652;170;42;72;qyaa;x
653;127;96;39;talarn;x
654;169;63;27;erenja;x
655;127;54;19;dyaa;x
656;170;129;22;qariek;x
657;126;186;44;ridulgu;x
658;1;42;30;keyautt;x
659;0;156;215;tatirca;x
660;3;51;35;sabilen;x
661;86;138;1;nerarn;x
662;1;30;15;tilo;x
663;42;192;58;aninomo;x
664;44;81;43;beahilo;x
665;85;99;141;lomonka;x
666;169;153;42;esinenja;x
667;170;99;17;qanyen;x
668;86;129;51;toyalli;x
669;127;3;59;lamace;x
670;170;78;62;kedirca;x
671;86;201;76;karotei;x
672;169;147;57;sediek;x
673;168;33;67;banalum;x
674;169;144;92;wibolk;x
675;0;21;65;wibaide;x
676;42;138;78;kaurecco;x
677;2;57;10;tunecco;x
678;169;78;52;terotei;x
679;170;132;42;nomecco;x
680;1;150;35;raraut;x
681;127;117;94;rongul;x
682;84;36;61;wivilo;x
683;128;144;44;dalolk;x
684;2;123;5;kiwatko;x
685;85;90;96;lera;x
686;43;3;33;agilja;x
687;86;165;41;rudera;x
688;170;153;97;budimia;x
689;86;24;11;ledofan;x
690;168;132;77;kacera;x
691;85;48;31;racana;x
692;86;51;51;asacana;x
693;171;66;2;amatlana;x
694;128;15;74;qabatun;x
695;169;75;137;eracule;x
696;128;21;59;rakudah;x
697;0;72;25;ladudah;x
698;2;39;20;sakudah;x
699;2;180;95;efadashe;x
700;168;198;17;turict;x
701;126;111;9;dimasi;x
702;42;93;93;esict;x
703;42;84;98;romirca;x
704;168;168;12;dalirca;x
705;127;33;9;balolk;x
706;126;51;99;telaide;x
707;43;96;13;sike;x
708;126;204;89;ehjand;x
709;43;207;38;acroyotl;x
710;169;87;2;liik;x
711;127;66;79;kadyen;x
712;127;96;84;kicyen;x
713;1;96;55;kicard;x
714;2;6;50;sand;x
715;44;87;28;etuqa;x
716;0;150;80;ekicevi;x
717;128;156;4;wicanu;x
718;86;183;86;ricuqa;x
719;84;18;16;natavati;x
720;86;123;76;rilinga;x
721;42;21;23;eland;x
722;84;3;91;nyoan;x
723;2;183;15;qiloan;x
724;2;198;40;tekaqiq;x
725;127;207;9;baac;x
726;42;39;68;sazaqiq;x
727;169;180;82;nakiar;x
728;85;138;46;navavya;x
729;86;66;31;dinaide;x
730;126;57;29;ricfan;x
731;0;9;50;butataw;x
732;2;81;85;tikauq;x
733;127;153;84;rezataw;x
734;1;192;0;kiyataw;x
735;2;168;35;ejanumo;x
736;128;192;39;rezauq;x
737;127;36;29;epavaide;x
738;44;162;63;ezmuqa;x
739;170;180;37;ruyavya;x
740;85;180;11;ehuivya;x
741;127;45;24;wikataw;x
742;42;18;58;tahuila;x
743;44;12;93;nyayuz;x
744;169;204;57;sagari;x
745;0;135;0;karari;x
746;168;96;42;ragine;x
747;168;117;97;karolir;x
748;170;45;92;ebarasi;x
749;86;0;36;kadari;x
750;127;198;14;nurict;x
751;128;177;14;avimalir;x
752;127;39;39;wabijari;x
753;1;69;220;sita;x
754;85;201;66;tavonda;x
755;127;183;34;babojan;x
756;127;30;44;rimada;x
757;84;141;1;tacimia;x
758;43;6;53;wagawar;x
759;43;189;48;nebush;x
760;127;123;24;kagoshua;x
761;44;210;13;tagawar;x
762;86;114;26;saugas;x
763;43;150;48;bazindik;x
764;169;123;37;toer;x
765;86;66;76;rawar;x
766;1;132;45;wonalan;x
767;2;186;25;deesse;x
768;126;210;224;sacoa;x
769;44;114;68;dahule;x
770;43;36;58;larenku;x
771;85;21;36;ratinso;x
772;85;165;86;nyarikne;x
773;44;153;68;qida;x
774;42;156;68;taurirca;x
775;171;3;27;wanaslav;x
776;42;75;3;ribirma;x
777;0;123;40;kashe;x
778;43;180;98;etomakub;x
779;128;114;84;rina;x
780;169;75;87;kenisma;x
781;168;114;32;nelenku;x
782;1;45;40;ketenku;x
783;45;162;18;aruwolke;x
784;44;30;83;luohore;x
785;44;21;33;kodett;x
786;84;12;86;berapa;x
787;126;210;19;acenatan;x
788;42;123;98;tideva;x
789;86;132;16;qaxolman;x
790;2;0;20;doqini;x
791;44;36;13;simula;x
792;2;183;60;wabonda;x
793;86;177;1;linesa;x
794;86;54;16;waballi;x
795;0;159;75;wideva;x
796;127;132;19;agralli;x
797;43;69;28;sabada;x
798;44;120;98;danitus;x
799;86;192;81;kahotus;x
800;43;153;13;ratalpo;x
801;0;180;85;enatigh;x
802;170;162;47;dibuid;x
803;128;75;84;wyehera;x
804;42;162;53;koulith;x
805;169;141;27;katigh;x
806;128;60;59;nomilen;x
807;43;24;98;ebunikne;x
808;0;3;20;deudupta;x
809;127;84;24;atapevi;x
810;42;57;163;wyayuq;x
811;127;126;44;naaq;x
812;85;33;51;ruyaka;x
813;170;177;72;wuyapta;x
814;2;162;5;emutt;x
815;126;96;29;badur;x
816;168;204;47;karuraq;x
817;44;180;8;teruda;x
818;85;18;26;tiriga;x
819;1;201;50;asolyag;x
820;44;15;3;tatekpa;x
821;2;117;20;nacazi;x
822;169;108;57;agulient;x
823;169;21;62;qedatzak;x
824;84;162;216;tuaut;x
825;168;12;57;wisael;x
826;127;93;74;kanecco;x
827;128;207;64;diwirca;x
828;126;3;154;sinatko;x
829;42;12;28;romolk;x
830;43;48;18;nelaide;x
831;43;150;93;wisikne;x
832;86;30;41;bibudna;x
833;44;150;3;selaide;x
834;169;129;67;selirca;x
835;128;42;14;taurona;x
836;128;108;54;tedilen;x
837;0;39;160;redaut;x
838;128;117;4;asalaut;x
839;168;210;77;dauq;x
840;126;180;14;tisolk;x
841;1;123;95;lagjin;x
842;86;207;6;qalevi;x
843;86;189;61;epekadur;x
844;86;36;71;lyabasi;x
845;85;84;66;tezavya;x
846;43;0;68;ahjeka;x
847;127;9;34;nutupta;x
848;85;177;46;ekujori;x
849;43;21;128;daruji;x
850;44;123;63;tyaytaw;x
851;171;186;22;larvin;x
852;2;150;45;remonse;x
853;126;183;184;nesouz;x
854;1;144;5;akaralli;x
855;127;126;89;dibai;x
856;84;105;171;etapanu;x
857;170;147;67;lapataw;x
858;168;141;72;erogiz;x
859;43;0;23;weudupta;x
860;85;144;21;tahuivya;x
861;84;105;66;sicauq;x
862;127;93;224;rasagjin;x
863;85;69;136;qicabu;x
864;84;39;26;kezauq;x
865;1;120;30;kanalli;x
866;127;162;24;datouz;x
867;126;156;39;luyuma;x
868;2;195;75;ehenumo;x
869;1;174;10;rutevi;x
870;170;135;7;kicaqiq;x
871;170;18;52;dekaqiq;x
872;1;129;130;reudauq;x
873;2;147;80;beumo;x
874;42;195;23;riyavya;x
875;86;150;61;nonda;x
876;86;183;31;nanuma;x
877;128;147;54;wetuda;x
878;170;30;12;syaynu;x
879;84;6;56;bamenku;x
880;44;3;43;tavach;x
881;169;33;22;wyayva;x
882;43;99;33;ramavid;x
883;43;78;23;suonse;x
884;85;174;81;tabatun;x
885;84;171;6;laydach;x
886;0;126;5;lacana;x
887;3;174;20;wari;x
888;168;3;62;banolk;x
889;168;51;57;esid;x
890;2;36;0;damudah;x
891;86;69;96;ejaret;x
892;128;186;9;naballi;x
893;128;189;74;welirca;x
894;126;24;59;sedatko;x
895;169;210;32;banaide;x
896;168;156;52;linael;x
897;44;165;83;waurikne;x
898;44;132;58;talilen;x
899;86;171;71;tedirca;x
900;42;108;73;tuarca;x
901;170;21;17;arilen;x
902;43;30;73;qomomo;x
903;170;198;27;laurirca;x
904;170;78;7;wonanka;x
905;85;54;61;tanoza;x
906;169;114;42;denina;x
907;127;0;94;daraut;x
908;86;162;76;bedatko;x
909;84;99;36;kagudna;x
910;3;114;10;lekuraq;x
911;169;135;97;naviar;x
912;168;51;162;atavati;x
913;0;174;55;leaide;x
914;168;171;77;eliyade;x
915;0;99;170;qeuduqa;x
916;168;81;62;lyeviz;x
917;2;141;95;buyauz;x
918;170;105;2;rith;x
919;85;204;86;lalauq;x
920;0;177;20;duith;x
921;43;57;68;werabu;x
922;43;21;78;wanta;x
923;2;135;65;enonora;x
924;2;60;75;neudanu;x
925;85;75;16;echicevi;x
926;128;87;99;satavya;x
927;2;126;15;ladabu;x
928;86;147;96;anuyasan;x
929;2;3;85;qaniar;x
930;44;60;88;ditadur;x
931;170;207;77;ritiz;x
932;44;135;78;tith;x
933;85;75;71;sekuji;x
934;1;99;75;agueka;x
935;0;192;45;duyataw;x
936;1;132;90;natuqa;x
937;44;12;38;tezuqa;x
938;85;144;76;wonataw;x
939;84;27;66;atinaide;x
940;42;111;38;dictaw;x
941;44;108;38;bakepa;x
942;127;165;44;kapora;x
943;169;84;37;licavya;x
944;128;36;84;dalupta;x
945;168;177;7;donouz;x
946;171;156;17;sagjin;x
947;127;12;54;netewan;x
948;86;120;56;ricauq;x
949;85;66;21;nesani;x
950;169;54;77;nalanu;x
951;170;114;97;letusdan;x
952;127;186;204;witibai;x
953;44;138;88;natavya;x
954;44;186;38;tetoan;x
955;43;129;38;ekujani;x
956;2;150;90;kazand;x
957;1;198;30;tanong;x
958;1;69;15;ronanu;x
959;128;180;79;rusori;x
960;169;36;87;tutouz;x
961;85;27;21;kapuqa;x
962;127;159;14;wekouz;x
963;1;75;45;woumge;x
964;128;51;9;kutanu;x
965;168;27;82;lutataw;x
966;127;120;59;weminga;x
967;1;63;135;raturaq;x
968;43;27;8;talanu;x
969;2;102;95;dadukp;x
970;1;99;20;ehilick;x
971;168;174;42;aralick;x
972;2;144;60;rudelen;x
973;169;156;7;rasadur;x
974;84;15;156;royotl;x
975;42;207;83;akicaaq;x
976;44;198;53;tiyasan;x
977;170;105;47;sirna;x
978;127;159;59;rorutt;x
979;169;111;227;kada;x
980;168;165;47;kivvas;x
981;43;84;53;ravya;x
982;86;78;91;nezavati;x
983;169;93;32;retith;x
984;44;183;73;biyava;x
985;168;162;82;rahuira;x
986;169;183;47;tauloan;x
987;85;15;6;qahuisan;x
988;43;60;78;nicavya;x
989;2;48;15;edemiik;x
990;168;192;87;kike;x
991;2;24;40;bicavya;x
992;2;105;60;sumoo;x
993;126;93;64;numeka;x
994;84;78;26;akicanu;x
995;127;180;69;qavurab;x
996;169;42;17;tagoan;x
997;43;90;38;teefan;x
998;44;51;93;socilip;x
999;86;21;46;darka;x
1000;169;177;17;lorund;x
1001;44;54;58;daud;x
1002;84;129;41;ravana;x
1003;170;168;22;dapulgu;x
1004;43;171;3;renalli;x
1005;1;135;55;egyaka;x
1006;127;6;69;tyoan;x
1007;1;33;130;wumusdan;x
1008;1;84;95;toan;x
1009;43;165;73;nocilvia;x
1010;127;39;94;rinojan;x
1011;2;114;55;kinomo;x
1012;87;210;26;rouree;x
1013;127;153;29;watera;x
1014;85;147;41;tavitya;x
1015;127;171;74;qyarunes;x
1016;44;105;18;neszek;x
1017;0;96;205;bica;x
1018;0;3;225;tafinga;x
1019;43;138;33;taaq;x
1020;85;42;46;kagusan;x
1021;44;165;28;winonia;x
1022;2;210;55;byahavid;x
1023;2;201;5;tyarand;x
1024;85;81;1;dabojan;x
1025;127;129;54;ralavka;x
1026;0;69;60;noyade;x
1027;1;39;10;qavabu;x
1028;1;156;65;ticilip;x
1029;128;81;69;tapalli;x
1030;168;198;222;ludyoah;x
1031;42;78;68;tavumo;x
1032;84;57;71;weabu;x
1033;128;93;29;rapumo;x
1034;169;201;37;safewan;x
1035;0;204;60;derotei;x
1036;2;120;85;dinara;x
1037;1;198;85;qerusan;x
1038;86;87;86;rapise;x
1039;44;195;33;tafonse;x
1040;126;114;74;tekupta;x
1041;85;168;96;keirike;x
1042;84;210;61;emang;x
1043;1;204;15;qarirca;x
1044;84;111;96;abilen;x
1045;85;195;36;tomatko;x
1046;169;147;12;talirca;x
1047;126;123;69;delona;x
1048;168;108;2;winaut;x
1049;168;123;82;tanudna;x
1050;126;150;9;ragomo;x
1051;44;195;88;tauromo;x
1052;84;0;26;luacco;x
1053;170;186;67;tanilen;x
1054;127;114;29;salilen;x
1055;84;72;96;lomatko;x
1056;85;198;56;kisikne;x
1057;127;168;9;qalarvin;x
1058;86;105;31;ralabu;x
1059;168;129;12;navka;x
1060;127;21;49;alada;x
1061;128;90;64;tanurab;x
1062;128;117;49;ramaaq;x
1063;168;180;72;sanabu;x
1064;170;54;87;kilonse;x
1065;85;201;21;ringa;x
1066;170;75;97;sanutt;x
1067;44;201;63;aloan;x
1068;128;27;34;naginga;x
1069;85;129;96;ravabu;x
1070;128;24;24;winumo;x
1071;127;27;79;savurab;x
1072;171;63;37;kalodia;x
1073;170;210;42;badyen;x
1074;43;201;8;abuzurab;x
1075;169;111;22;beiroan;x
1076;44;54;3;lerarn;x
1077;85;45;66;akrella;x
1078;128;141;24;narefan;x
1079;86;33;6;beilewan;x
1080;44;84;8;kanarn;x
1081;127;102;69;aragoan;x
1082;170;81;27;keiik;x
1083;2;84;50;qyunella;x
1084;86;60;46;dagonse;x
1085;168;111;67;donse;x
1086;169;0;52;kamaaq;x
1087;86;126;41;nagoan;x
1088;127;33;64;rorulgu;x
1089;86;9;31;kith;x
1090;169;195;7;kinabu;x
1091;168;42;62;tapaide;x
1092;87;120;11;barurab;x
1093;2;75;55;noraaq;x
1094;43;210;208;teiringa;x
1095;84;132;211;tararn;x
1096;0;105;95;rakutt;x
1097;1;72;80;rarabu;x
1098;170;198;82;renabu;x
1099;1;162;50;qoloan;x
1100;85;174;26;walaula;x
1101;169;105;92;aeyen;x
1102;168;57;87;koo;x
1103;86;135;36;tyunajan;x
1104;128;135;94;qonse;x
1105;170;126;57;abona;x
1106;170;48;57;lagirca;x
1107;128;57;39;qapurab;x
1108;128;162;34;reirada;x
1109;1;21;20;raram;x
1110;127;156;94;delaut;x
1111;44;192;68;emalile;x
1112;85;150;6;dorisey;x
1113;170;12;67;erecco;x
1114;1;33;80;ecisaut;x
1115;0;54;35;sinirca;x
1116;170;39;62;relael;x
1117;168;54;22;larudna;x
1118;170;63;82;atechiga;x
1119;2;159;40;niwaut;x
1120;84;45;56;kaurolk;x
1121;126;15;64;wagirca;x
1122;86;156;91;kaurirca;x
1123;170;123;92;kaurilen;x
1124;43;144;63;liwomo;x
1125;128;6;79;relatko;x
1126;84;33;96;sisatko;x
1127;0;66;95;doqart;x
1128;1;102;40;ranael;x
1129;1;15;90;bedecco;x
1130;127;36;74;roqalev;x
1131;1;129;25;telael;x
1132;128;165;99;tunatko;x
1133;128;168;64;kiglas;x
1134;169;144;47;kang;x
1135;1;0;10;tyarunes;x
1136;86;189;16;tedona;x
1137;87;150;16;kacii;x
1138;128;48;44;tunona;x
1139;86;72;6;amatlile;x
1140;85;21;91;bedilen;x
1141;169;99;62;womomo;x
1142;170;108;67;sinaut;x
1143;0;57;0;siwaut;x
1144;126;45;69;ledecco;x
1145;169;132;32;lauratko;x
1146;85;153;71;kagatun;x
1147;126;21;144;ruaide;x
1148;127;192;29;runilen;x
1149;85;45;11;lechiho;x
1150;170;171;42;kagikne;x
1151;0;132;35;nudiho;x
1152;1;108;70;bada;x
1153;127;141;69;karoza;x
1154;85;138;91;kaudona;x
1155;168;87;92;etugun;x
1156;170;150;32;quedict;x
1157;2;3;30;toysan;x
1158;2;207;35;tinaga;x
1159;85;123;66;kilila;x
1160;170;204;12;qatalso;x
1161;84;186;86;rocilvia;x
1162;1;210;45;adosi;x
1163;170;156;62;niutr;x
1164;127;186;54;lit;x
1165;170;87;57;keicses;x
1166;44;84;63;lutoer;x
1167;44;168;93;kouree;x
1168;0;117;10;kigeeme;x
1169;0;39;55;tarirma;x
1170;84;135;71;ligo;x
1171;2;108;25;qeirita;x
1172;170;189;87;tudakub;x
1173;2;12;80;ryabor;x
1174;128;120;14;korilja;x
1175;42;129;83;kavofan;x
1176;126;60;94;kelalli;x
1177;169;162;37;rit;x
1178;42;174;13;dari;x
1179;44;111;48;susarqan;x
1180;2;192;10;lerei;x
1181;2;33;90;ravush;x
1182;127;63;14;ranulia;x
1183;43;183;18;nadari;x
1184;169;81;72;nisarte;x
1185;0;90;70;wagict;x
1186;44;198;98;tosiga;x
1187;42;48;63;alari;x
1188;168;159;17;nemios;x
1189;0;156;10;ahuilia;x
1190;2;57;65;nalso;x
1191;127;135;39;wuedari;x
1192;127;111;64;tatlana;x
1193;169;27;92;kanisma;x
1194;42;168;83;qurugun;x
1195;42;171;48;qadick;x
1196;1;102;85;kahuilia;x
1197;43;126;18;qapesh;x
1198;170;33;77;lavaric;x
1199;45;9;28;nigalev;x
1200;85;162;66;tudana;x
1201;43;117;128;bick;x
1202;43;117;78;sukalev;x
1203;169;207;22;wilars;x
1204;1;195;65;esebush;x
1205;169;192;42;ejutirma;x
1206;43;75;58;navila;x
1207;2;90;80;kabera;x
1208;168;63;72;ryagaar;x
1209;85;78;81;kemazan;x
1210;42;81;33;bidush;x
1211;127;63;219;titigo;x
1212;84;15;51;lalutt;x
1213;85;12;41;rurict;x
1214;170;144;2;batio;x
1215;43;147;28;navulia;x
1216;2;156;75;qunugun;x
1217;43;195;78;ematlana;x
1218;43;81;88;nelonda;x
1219;169;27;37;aljirve;x
1220;84;42;91;dera;x
1221;170;189;32;ruedid;x
1222;170;162;92;kudijah;x
1223;128;21;4;nudimia;x
1224;86;141;66;nataclav;x
1225;128;39;49;nagimia;x
1226;168;69;2;ladonda;x
1227;86;69;41;tera;x
1228;169;87;47;tigit;x
1229;87;90;6;esirve;x
1230;84;123;11;rataclav;x
1231;85;6;11;qudera;x
1232;1;72;35;tatathe;x
1233;169;177;62;ligibel;x
1234;126;126;34;kagimia;x
1235;84;174;71;lukutt;x
1236;170;201;47;arugeer;x
1237;2;18;10;kulia;x
1238;169;30;57;wenulia;x
1239;84;75;166;lodonso;x
1240;128;204;99;kerella;x
1241;0;96;0;baditya;x
1242;128;129;64;konocia;x
1243;85;87;31;welirma;x
1244;44;27;18;tojan;x
1245;0;186;220;dacera;x
1246;43;96;68;lojan;x
1247;170;159;27;banulev;x
1248;170;117;62;epavelen;x
1249;168;168;217;wavulia;x
1250;128;153;39;tatelen;x
1251;85;165;31;rukutt;x
1252;1;90;25;raboti;x
1253;43;12;83;bulia;x
1254;169;102;27;rulia;x
1255;0;162;40;nyesalan;x
1256;42;90;28;etosye;x
1257;44;42;43;kudana;x
1258;169;90;67;tyijamur;x
1259;128;123;34;tavada;x
1260;42;117;173;tudathe;x
1261;44;144;73;nenera;x
1262;2;63;40;sedofan;x
1263;168;111;172;siutn;x
1264;169;15;182;noan;x
1265;43;21;183;qagoo;x
1266;127;27;184;karolk;x
1267;1;33;185;sabomo;x
1268;85;39;186;runael;x
1269;169;45;187;karigh;x
1270;43;51;188;seiranka;x
1271;127;57;189;rinana;x
1272;1;63;190;tovyuk;x
1273;85;69;191;kavonka;x
1274;169;75;192;wuluel;x
1275;43;81;193;raysu;x
1276;127;87;194;etimida;x
1277;1;93;195;dutoka;x
1278;85;129;201;ryros;x
1279;43;111;198;nitya;x
1280;43;141;203;loucojan;x
1281;169;135;202;tei;x
1282;169;105;197;nei;x
1283;1;123;200;epatonne;x
1284;127;117;199;qemojan;x
1285;85;159;206;lalan;x
1286;85;189;211;waleis;x
1287;127;177;209;neheis;x
1288;127;207;214;kelida;x
1289;43;171;208;amuji;x
1290;169;165;207;wamida;x
1291;1;183;210;sanda;x
1292;1;153;205;natia;x
1293;127;147;204;weluji;x
1294;1;0;215;weria;x
1295;168;42;212;;x
1296;0;6;135;;x
1297;84;159;196;;x
1298;42;165;168;;x
1299;0;159;225;;x
1300;126;39;134;;x
1301;126;126;184;;x
1302;126;204;139;;x
1303;84;126;226;;x
1304;168;135;192;;x
1305;126;51;149;;x
1306;126;156;189;;x
1307;168;141;222;;x
1308;168;21;202;;x
1309;42;78;218;;x
1310;0;186;165;;x
1311;126;144;129;;x
1312;126;84;219;;x
1313;168;177;157;;x
1314;126;48;184;;x
1315;84;69;181;;x
1316;168;165;197;;x
1317;168;99;157;;x
1318;42;180;193;;x
1319;84;165;226;;x
1320;0;162;190;;x
1321;42;105;158;;x
1322;42;30;168;;x
1323;126;174;134;;x
1324;168;48;142;;x
1325;84;72;146;;x
1326;84;66;216;;x
1327;0;24;180;;x
1328;84;195;131;;x
1329;42;168;133;;x
1330;42;111;188;;x
1331;168;204;197;;x
1332;84;177;36;;x
1333;84;141;151;;x
1334;0;156;160;;x
1335;42;48;213;;x
1336;126;183;129;;x
1337;126;207;204;;x
1338;84;96;221;;x
1339;84;75;211;;x
1340;42;198;138;;x
1341;0;117;160;;x
1342;84;33;146;;x
1343;42;54;143;;x
1344;42;150;188;;x
1345;0;153;195;;x
1346;84;18;166;;x
1347;84;189;201;;x
1348;0;27;145;;x
1349;84;30;181;;x
1350;0;180;135;;x
1351;0;12;165;;x
1352;84;171;156;;x
1353;0;54;185;;x
1354;0;132;185;;x
1355;126;78;189;;x
1356;84;99;186;;x
1357;126;54;214;;x
1358;84;6;206;;x
1359;0;210;140;;x
1360;126;180;164;;x
1361;168;51;207;;x
1362;0;135;150;;x
1363;168;9;142;;x
1364;168;201;132;;x
1365;84;192;166;;x
1366;168;87;142;;x
1367;168;18;137;;x
1368;84;9;171;;x
1369;168;15;172;;x
1370;42;141;193;;x
1371;126;210;169;;x
1372;0;195;160;;x
1373;168;24;167;;x
1374;126;138;49;;x
1375;84;111;146;;x
1376;126;69;139;;x
1377;0;72;175;;x
1378;84;90;191;;x
1379;84;132;156;;x
1380;42;135;163;;x
1381;126;189;159;;x
1382;84;42;141;;x
1383;0;87;155;;x
1384;42;45;148;;x
1385;42;183;158;;x
1386;42;81;183;;x
1387;168;81;212;;x
1388;126;93;214;;x
1389;42;63;138;;x
1390;168;57;137;;x
1391;168;144;187;;x
1392;126;99;144;;x
1393;168;168;162;;x
1394;126;201;174;;x
1395;0;33;175;;x
1396;0;165;155;;x
1397;0;30;210;;x
1398;0;177;170;;x
1399;0;39;205;;x
1400;126;84;14;;x
1401;126;3;199;;x
1402;168;147;152;;x
1403;0;207;175;;x
1404;168;183;37;;x
1405;84;51;136;;x
1406;126;33;204;;x
1407;42;189;38;;x
1408;126;165;34;;x
1409;168;27;132;;x
1410;0;3;170;;x
1411;126;141;164;;x
1412;84;198;196;;x
1413;126;129;149;;x
1414;42;12;178;;x
1415;42;57;208;;x
1416;0;75;140;;x
1417;42;171;198;;x
1418;168;189;172;;x
1419;0;63;180;;x
1420;42;147;223;;x
1421;42;114;153;;x
1422;0;171;35;;x
1423;84;0;176;;x
1424;84;183;171;;x
1425;126;9;129;;x
1426;84;93;156;;x
1427;84;12;136;;x
1428;126;171;169;;x
1429;126;120;154;;x
1430;0;189;130;;x
1431;0;192;195;;x
1432;126;60;144;;x
1433;84;129;191;;x
1434;0;147;165;;x
1435;0;99;215;;x
1436;0;129;220;;x
1437;42;51;178;;x
1438;42;117;218;;x
1439;0;123;190;;x
1440;168;72;217;;x
1441;126;195;39;;x
1442;42;102;193;;x
1443;126;111;159;;x
1444;0;18;45;;x
1445;126;114;224;;x
1446;0;201;40;;x
1447;0;102;180;;x
1448;42;33;133;;x
1449;126;150;159;;x
1450;42;42;183;;x
1451;0;105;145;;x
1452;126;96;179;;x
1453;84;162;161;;x
1454;42;153;153;;x
1455;43;81;138;;x
1456;0;93;185;;x
1457;42;177;128;;x
1458;168;12;207;;x
1459;42;87;213;;x
1460;168;138;157;;x
1461;42;204;168;;x
1462;168;105;187;;x
1463;42;138;128;;x
1464;168;111;217;;x
1465;42;66;53;;x
1466;168;198;167;;x
1467;42;144;158;;x
1468;126;36;169;;x
1469;126;108;194;;x
1470;0;126;155;;x
1471;168;132;227;;x
1472;0;150;130;;x
1473;42;120;183;;x
1474;168;60;52;;x
1475;42;75;153;;x
1476;0;36;140;;x
1477;84;102;151;;x
1478;126;66;174;;x
1479;168;96;192;;x
1480;126;12;44;;x
1481;168;54;172;;x
1482;42;72;188;;x
1483;0;60;215;;x
1484;168;114;182;;x
1485;168;78;147;;x
1486;126;57;179;;x
1487;84;3;141;;x
1488;168;108;152;;x
1489;168;75;182;;x
1490;84;21;131;;x
1491;168;30;47;;x
1492;84;201;161;;x
1493;42;18;208;;x
1494;0;9;200;;x
1495;126;147;194;;x
1496;42;15;143;;x
1497;168;162;132;;x
1498;84;168;191;;x
1499;42;108;223;;x
1500;0;84;190;;x
1501;42;0;163;;x
1502;0;42;170;;x
1503;84;15;201;;x
1504;0;183;200;;x
1505;168;159;167;;x
1506;84;153;166;;x
1507;126;117;189;;x
1508;42;207;133;;x
1509;42;93;143;;x
1510;0;90;220;;x
1511;168;66;187;;x
1512;42;123;148;;x
1513;126;87;184;;x
1514;84;138;186;;x
1515;84;24;46;;x
1516;168;102;222;;x
1517;126;81;154;;x
1518;168;171;227;;x
1519;42;6;43;;x
1520;42;90;178;;x
1521;126;159;154;;x
1522;84;48;171;;x
1523;126;42;49;;x
1524;0;48;50;;x
1525;84;207;41;;x
1526;42;36;48;;x
1527;42;87;63;;x
1528;0;69;210;;x
1529;168;174;192;;x
1530;84;36;211;;x
1531;168;69;152;;x
1532;168;39;147;;x
1533;84;135;221;;x
1534;42;84;148;;x
1535;126;0;134;;x
1536;42;3;128;;x
1537;0;0;205;;x
1538;168;36;182;;x
1539;0;96;150;;x
1540;84;108;181;;x
1541;84;45;206;;x
1542;0;120;225;;x
1543;0;114;195;;x
1544;126;63;209;;x
1545;84;123;161;;x
1546;168;0;42;;x
1547;126;123;219;;x
1548;126;27;174;;x
1549;126;153;224;;x
1550;84;63;151;;x
1551;84;186;136;;x
1552;0;66;145;;x
1553;168;207;162;;x
1554;42;195;173;;x
1555;84;60;186;;x
1556;168;84;177;;x
1557;84;54;51;;x
1558;168;195;202;;x
1559;126;6;164;;x
1560;168;192;137;;x
1561;126;30;139;;x
1562;126;186;194;;x
1563;168;6;177;;x
1564;84;39;176;;x
1565;0;57;150;;x
1566;168;129;162;;x
1567;42;174;163;;x
1568;85;99;196;;x
1569;52;196;52;clearlake;x
